technology,Year,CAPEX,CF,Fixed_OM
LandbasedWind,2023,1968.0690522190712,0.433943664,43.0
LandbasedWind,2024,1919.900695504021,0.437462730222222,41.868715
LandbasedWind,2025,1871.7323387889708,0.440995562222222,40.73743
LandbasedWind,2026,1823.5639820739204,0.44454216,39.606145
LandbasedWind,2027,1775.39562535887,0.448102523555555,38.47486
LandbasedWind,2028,1727.2272686438198,0.451676652888888,37.343575
LandbasedWind,2029,1679.0589119287697,0.455264548,36.2122899999999
LandbasedWind,2030,1630.8905552137192,0.458866208888889,35.081005
LandbasedWind,2031,1582.7221984986688,0.462481635555555,33.94972
LandbasedWind,2032,1534.5538417836185,0.466110828,32.818435
LandbasedWind,2033,1486.3854850685682,0.469753786222222,31.68715
LandbasedWind,2034,1438.217128353518,0.473410510222222,30.5558649999999
LandbasedWind,2035,1390.048771638467,0.477081,29.42458
LandbasedWind,2036,1373.5059052599886,0.4774836,29.1815413333333
LandbasedWind,2037,1356.9630388815203,0.4778862,28.9385026666666
LandbasedWind,2038,1340.4201725030412,0.4782888,28.6954639999999
LandbasedWind,2039,1323.8773061245622,0.4786914,28.4524253333333
LandbasedWind,2040,1307.3344397460833,0.479094,28.2093866666666
LandbasedWind,2041,1290.7915733676048,0.4794966,27.966348
LandbasedWind,2042,1274.2487069891365,0.4798992,27.7233093333333
LandbasedWind,2043,1257.705840610657,0.4803018,27.4802706666666
LandbasedWind,2044,1241.1629742321782,0.4807044,27.237232
LandbasedWind,2045,1224.6201078536992,0.481107,26.9941933333333
LandbasedWind,2046,1208.0772414752312,0.4815096,26.7511546666666
LandbasedWind,2047,1191.5343750967522,0.4819122,26.508116
LandbasedWind,2048,1174.9915087182733,0.4823148,26.2650773333333
LandbasedWind,2049,1158.4486423398005,0.4827174,26.0220386666666
LandbasedWind,2050,1141.9057759613238,0.48312,25.779
LandbasedWind,2051,1138.1641583975304,0.48312,25.6945314201858
LandbasedWind,2052,1134.422540833738,0.48312,25.6100628403717
LandbasedWind,2053,1130.6809232699443,0.48312,25.5255942605575
LandbasedWind,2054,1126.9393057061511,0.48312,25.4411256807434
LandbasedWind,2055,1123.1976881423575,0.48312,25.3566571009292
LandbasedWind,2056,1119.4560705785643,0.48312,25.2721885211151
LandbasedWind,2057,1115.714453014772,0.48312,25.1877199413009
LandbasedWind,2058,1111.9728354509784,0.48312,25.1032513614868
LandbasedWind,2059,1108.231217887185,0.48312,25.0187827816726
LandbasedWind,2060,1104.4896003233916,0.48312,24.9343142018585
UtilityPV,2023,1672.881776339854,0.260295454805666,23.133428594282368
UtilityPV,2024,1525.745935262591,0.2619205214786105,24.65967297429779
UtilityPV,2025,1465.4923031520602,0.263545588151555,23.91164491305845
UtilityPV,2026,1405.2386710415296,0.2651706548244995,23.18091587030739
UtilityPV,2027,1344.9850389309988,0.2667957214974439,22.46611352167293
UtilityPV,2028,1284.731406820468,0.2684207881703884,21.76600695792181
UtilityPV,2029,1224.477774709937,0.2700458548433329,21.079488926779486
UtilityPV,2030,1164.224142599406,0.2716709215162774,20.405560685166016
UtilityPV,2031,1131.747947470749,0.2732959881892219,20.11495888146995
UtilityPV,2032,1099.2717523420922,0.2749210548621664,19.825069831017395
UtilityPV,2033,1066.7955572134356,0.2765461215351109,19.535880709032096
UtilityPV,2034,1034.3193620847785,0.2781711882080553,19.247378996583297
UtilityPV,2035,1001.8431669561218,0.2797962548809997,18.959552471522535
UtilityPV,2036,969.3669718274648,0.2809157987622761,18.67238919974079
UtilityPV,2037,936.890776698808,0.2820353426435525,18.385877526732912
UtilityPV,2038,904.4145815701512,0.2831548865248289,18.100006069456768
UtilityPV,2039,871.9383864414945,0.2842744304061053,17.814763708475148
UtilityPV,2040,839.4621913128373,0.2853939742873816,17.530139580369116
UtilityPV,2041,827.8042173804843,0.286513518168658,17.39189489487819
UtilityPV,2042,816.1462434481315,0.2876330620499344,17.254309162154485
UtilityPV,2043,804.4882695157786,0.2887526059312108,17.117370637735107
UtilityPV,2044,792.8302955834258,0.2898721498124872,16.981067854603044
UtilityPV,2045,781.1723216510732,0.2909916936937636,16.845389615042443
UtilityPV,2046,769.5143477187204,0.29211123757504,16.710324982779124
UtilityPV,2047,757.8563737863677,0.2932307814563163,16.575863275394777
UtilityPV,2048,746.198399854015,0.2943503253375927,16.441994057003715
UtilityPV,2049,734.5404259216621,0.2954698692188691,16.308707131181745
UtilityPV,2050,722.8824519893088,0.2965894131001456,16.175992534136977
UtilityPV,2051,722.8824519893088,0.2965894131001456,16.126956374836915
UtilityPV,2052,722.8824519893088,0.2965894131001456,16.07847328846329
UtilityPV,2053,722.8824519893088,0.2965894131001456,16.030533970424532
UtilityPV,2054,722.8824519893088,0.2965894131001456,15.983129323678886
UtilityPV,2055,722.8824519893088,0.2965894131001456,15.936250452979436
UtilityPV,2056,722.8824519893088,0.2965894131001456,15.88988865930958
UtilityPV,2057,722.8824519893088,0.2965894131001456,15.84403543450164
UtilityPV,2058,722.8824519893088,0.2965894131001456,15.798682456031566
UtilityPV,2059,722.8824519893088,0.2965894131001456,15.753821581983113
UtilityPV,2060,722.8824519893088,0.2965894131001456,15.709444846175044
