atb_year,technology,technology_alias,techdetail,techdetail2,display_name,scenario,core_metric_parameter,core_metric_variable,units,value
2025,LandbasedWind,Land-Based Wind,Class4,Wind Turbine Technology 1,Land-Based Wind - Class 4 - Technology 1,Moderate,CF,2023,,0.433943664
2025,LandbasedWind,Land-Based Wind,Class4,Wind Turbine Technology 1,Land-Based Wind - Class 4 - Technology 1,Moderate,Fixed O&M,2023,$/kW-yr,43.0
2025,LandbasedWind,Land-Based Wind,Class4,Wind Turbine Technology 1,Land-Based Wind - Class 4 - Technology 1,Moderate,CAPEX,2023,$/kW,1968.0690522190712
2025,LandbasedWind,Land-Based Wind,Class4,Wind Turbine Technology 1,Land-Based Wind - Class 4 - Technology 1,Moderate,CF,2024,,0.437462730222222
2025,LandbasedWind,Land-Based Wind,Class4,Wind Turbine Technology 1,Land-Based Wind - Class 4 - Technology 1,Moderate,Fixed O&M,2024,$/kW-yr,41.868715
2025,LandbasedWind,Land-Based Wind,Class4,Wind Turbine Technology 1,Land-Based Wind - Class 4 - Technology 1,Moderate,CAPEX,2024,$/kW,1919.900695504021
2025,LandbasedWind,Land-Based Wind,Class4,Wind Turbine Technology 1,Land-Based Wind - Class 4 - Technology 1,Moderate,CF,2025,,0.440995562222222
2025,LandbasedWind,Land-Based Wind,Class4,Wind Turbine Technology 1,Land-Based Wind - Class 4 - Technology 1,Moderate,Fixed O&M,2025,$/kW-yr,40.73743
2025,LandbasedWind,Land-Based Wind,Class4,Wind Turbine Technology 1,Land-Based Wind - Class 4 - Technology 1,Moderate,CAPEX,2025,$/kW,1871.7323387889708
2025,LandbasedWind,Land-Based Wind,Class4,Wind Turbine Technology 1,Land-Based Wind - Class 4 - Technology 1,Moderate,CF,2026,,0.44454216
2025,LandbasedWind,Land-Based Wind,Class4,Wind Turbine Technology 1,Land-Based Wind - Class 4 - Technology 1,Moderate,Fixed O&M,2026,$/kW-yr,39.606145
2025,LandbasedWind,Land-Based Wind,Class4,Wind Turbine Technology 1,Land-Based Wind - Class 4 - Technology 1,Moderate,CAPEX,2026,$/kW,1823.5639820739204
2025,LandbasedWind,Land-Based Wind,Class4,Wind Turbine Technology 1,Land-Based Wind - Class 4 - Technology 1,Moderate,CF,2027,,0.448102523555555
2025,LandbasedWind,Land-Based Wind,Class4,Wind Turbine Technology 1,Land-Based Wind - Class 4 - Technology 1,Moderate,Fixed O&M,2027,$/kW-yr,38.47486
2025,LandbasedWind,Land-Based Wind,Class4,Wind Turbine Technology 1,Land-Based Wind - Class 4 - Technology 1,Moderate,CAPEX,2027,$/kW,1775.39562535887
2025,LandbasedWind,Land-Based Wind,Class4,Wind Turbine Technology 1,Land-Based Wind - Class 4 - Technology 1,Moderate,CF,2028,,0.451676652888888
2025,LandbasedWind,Land-Based Wind,Class4,Wind Turbine Technology 1,Land-Based Wind - Class 4 - Technology 1,Moderate,Fixed O&M,2028,$/kW-yr,37.343575
2025,LandbasedWind,Land-Based Wind,Class4,Wind Turbine Technology 1,Land-Based Wind - Class 4 - Technology 1,Moderate,CAPEX,2028,$/kW,1727.2272686438198
2025,LandbasedWind,Land-Based Wind,Class4,Wind Turbine Technology 1,Land-Based Wind - Class 4 - Technology 1,Moderate,CF,2029,,0.455264548
2025,LandbasedWind,Land-Based Wind,Class4,Wind Turbine Technology 1,Land-Based Wind - Class 4 - Technology 1,Moderate,Fixed O&M,2029,$/kW-yr,36.2122899999999
2025,LandbasedWind,Land-Based Wind,Class4,Wind Turbine Technology 1,Land-Based Wind - Class 4 - Technology 1,Moderate,CAPEX,2029,$/kW,1679.0589119287697
2025,LandbasedWind,Land-Based Wind,Class4,Wind Turbine Technology 1,Land-Based Wind - Class 4 - Technology 1,Moderate,CF,2030,,0.458866208888889
2025,LandbasedWind,Land-Based Wind,Class4,Wind Turbine Technology 1,Land-Based Wind - Class 4 - Technology 1,Moderate,Fixed O&M,2030,$/kW-yr,35.081005
2025,LandbasedWind,Land-Based Wind,Class4,Wind Turbine Technology 1,Land-Based Wind - Class 4 - Technology 1,Moderate,CAPEX,2030,$/kW,1630.8905552137192
2025,LandbasedWind,Land-Based Wind,Class4,Wind Turbine Technology 1,Land-Based Wind - Class 4 - Technology 1,Moderate,CF,2031,,0.462481635555555
2025,LandbasedWind,Land-Based Wind,Class4,Wind Turbine Technology 1,Land-Based Wind - Class 4 - Technology 1,Moderate,Fixed O&M,2031,$/kW-yr,33.94972
2025,LandbasedWind,Land-Based Wind,Class4,Wind Turbine Technology 1,Land-Based Wind - Class 4 - Technology 1,Moderate,CAPEX,2031,$/kW,1582.7221984986688
2025,LandbasedWind,Land-Based Wind,Class4,Wind Turbine Technology 1,Land-Based Wind - Class 4 - Technology 1,Moderate,CF,2032,,0.466110828
2025,LandbasedWind,Land-Based Wind,Class4,Wind Turbine Technology 1,Land-Based Wind - Class 4 - Technology 1,Moderate,Fixed O&M,2032,$/kW-yr,32.818435
2025,LandbasedWind,Land-Based Wind,Class4,Wind Turbine Technology 1,Land-Based Wind - Class 4 - Technology 1,Moderate,CAPEX,2032,$/kW,1534.5538417836185
2025,LandbasedWind,Land-Based Wind,Class4,Wind Turbine Technology 1,Land-Based Wind - Class 4 - Technology 1,Moderate,CF,2033,,0.469753786222222
2025,LandbasedWind,Land-Based Wind,Class4,Wind Turbine Technology 1,Land-Based Wind - Class 4 - Technology 1,Moderate,Fixed O&M,2033,$/kW-yr,31.68715
2025,LandbasedWind,Land-Based Wind,Class4,Wind Turbine Technology 1,Land-Based Wind - Class 4 - Technology 1,Moderate,CAPEX,2033,$/kW,1486.3854850685682
2025,LandbasedWind,Land-Based Wind,Class4,Wind Turbine Technology 1,Land-Based Wind - Class 4 - Technology 1,Moderate,CF,2034,,0.473410510222222
2025,LandbasedWind,Land-Based Wind,Class4,Wind Turbine Technology 1,Land-Based Wind - Class 4 - Technology 1,Moderate,Fixed O&M,2034,$/kW-yr,30.5558649999999
2025,LandbasedWind,Land-Based Wind,Class4,Wind Turbine Technology 1,Land-Based Wind - Class 4 - Technology 1,Moderate,CAPEX,2034,$/kW,1438.217128353518
2025,LandbasedWind,Land-Based Wind,Class4,Wind Turbine Technology 1,Land-Based Wind - Class 4 - Technology 1,Moderate,CF,2035,,0.477081
2025,LandbasedWind,Land-Based Wind,Class4,Wind Turbine Technology 1,Land-Based Wind - Class 4 - Technology 1,Moderate,Fixed O&M,2035,$/kW-yr,29.42458
2025,LandbasedWind,Land-Based Wind,Class4,Wind Turbine Technology 1,Land-Based Wind - Class 4 - Technology 1,Moderate,CAPEX,2035,$/kW,1390.048771638467
2025,LandbasedWind,Land-Based Wind,Class4,Wind Turbine Technology 1,Land-Based Wind - Class 4 - Technology 1,Moderate,CF,2036,,0.4774836
2025,LandbasedWind,Land-Based Wind,Class4,Wind Turbine Technology 1,Land-Based Wind - Class 4 - Technology 1,Moderate,Fixed O&M,2036,$/kW-yr,29.1815413333333
2025,LandbasedWind,Land-Based Wind,Class4,Wind Turbine Technology 1,Land-Based Wind - Class 4 - Technology 1,Moderate,CAPEX,2036,$/kW,1373.5059052599886
2025,LandbasedWind,Land-Based Wind,Class4,Wind Turbine Technology 1,Land-Based Wind - Class 4 - Technology 1,Moderate,CF,2037,,0.4778862
2025,LandbasedWind,Land-Based Wind,Class4,Wind Turbine Technology 1,Land-Based Wind - Class 4 - Technology 1,Moderate,Fixed O&M,2037,$/kW-yr,28.9385026666666
2025,LandbasedWind,Land-Based Wind,Class4,Wind Turbine Technology 1,Land-Based Wind - Class 4 - Technology 1,Moderate,CAPEX,2037,$/kW,1356.9630388815203
2025,LandbasedWind,Land-Based Wind,Class4,Wind Turbine Technology 1,Land-Based Wind - Class 4 - Technology 1,Moderate,CF,2038,,0.4782888
2025,LandbasedWind,Land-Based Wind,Class4,Wind Turbine Technology 1,Land-Based Wind - Class 4 - Technology 1,Moderate,Fixed O&M,2038,$/kW-yr,28.6954639999999
2025,LandbasedWind,Land-Based Wind,Class4,Wind Turbine Technology 1,Land-Based Wind - Class 4 - Technology 1,Moderate,CAPEX,2038,$/kW,1340.4201725030412
2025,LandbasedWind,Land-Based Wind,Class4,Wind Turbine Technology 1,Land-Based Wind - Class 4 - Technology 1,Moderate,CF,2039,,0.4786914
2025,LandbasedWind,Land-Based Wind,Class4,Wind Turbine Technology 1,Land-Based Wind - Class 4 - Technology 1,Moderate,Fixed O&M,2039,$/kW-yr,28.4524253333333
2025,LandbasedWind,Land-Based Wind,Class4,Wind Turbine Technology 1,Land-Based Wind - Class 4 - Technology 1,Moderate,CAPEX,2039,$/kW,1323.8773061245622
2025,LandbasedWind,Land-Based Wind,Class4,Wind Turbine Technology 1,Land-Based Wind - Class 4 - Technology 1,Moderate,CF,2040,,0.479094
2025,LandbasedWind,Land-Based Wind,Class4,Wind Turbine Technology 1,Land-Based Wind - Class 4 - Technology 1,Moderate,Fixed O&M,2040,$/kW-yr,28.2093866666666
2025,LandbasedWind,Land-Based Wind,Class4,Wind Turbine Technology 1,Land-Based Wind - Class 4 - Technology 1,Moderate,CAPEX,2040,$/kW,1307.3344397460833
2025,LandbasedWind,Land-Based Wind,Class4,Wind Turbine Technology 1,Land-Based Wind - Class 4 - Technology 1,Moderate,CF,2041,,0.4794966
2025,LandbasedWind,Land-Based Wind,Class4,Wind Turbine Technology 1,Land-Based Wind - Class 4 - Technology 1,Moderate,Fixed O&M,2041,$/kW-yr,27.966348
2025,LandbasedWind,Land-Based Wind,Class4,Wind Turbine Technology 1,Land-Based Wind - Class 4 - Technology 1,Moderate,CAPEX,2041,$/kW,1290.7915733676048
2025,LandbasedWind,Land-Based Wind,Class4,Wind Turbine Technology 1,Land-Based Wind - Class 4 - Technology 1,Moderate,CF,2042,,0.4798992
2025,LandbasedWind,Land-Based Wind,Class4,Wind Turbine Technology 1,Land-Based Wind - Class 4 - Technology 1,Moderate,Fixed O&M,2042,$/kW-yr,27.7233093333333
2025,LandbasedWind,Land-Based Wind,Class4,Wind Turbine Technology 1,Land-Based Wind - Class 4 - Technology 1,Moderate,CAPEX,2042,$/kW,1274.2487069891365
2025,LandbasedWind,Land-Based Wind,Class4,Wind Turbine Technology 1,Land-Based Wind - Class 4 - Technology 1,Moderate,CF,2043,,0.4803018
2025,LandbasedWind,Land-Based Wind,Class4,Wind Turbine Technology 1,Land-Based Wind - Class 4 - Technology 1,Moderate,Fixed O&M,2043,$/kW-yr,27.4802706666666
2025,LandbasedWind,Land-Based Wind,Class4,Wind Turbine Technology 1,Land-Based Wind - Class 4 - Technology 1,Moderate,CAPEX,2043,$/kW,1257.705840610657
2025,LandbasedWind,Land-Based Wind,Class4,Wind Turbine Technology 1,Land-Based Wind - Class 4 - Technology 1,Moderate,CF,2044,,0.4807044
2025,LandbasedWind,Land-Based Wind,Class4,Wind Turbine Technology 1,Land-Based Wind - Class 4 - Technology 1,Moderate,Fixed O&M,2044,$/kW-yr,27.237232
2025,LandbasedWind,Land-Based Wind,Class4,Wind Turbine Technology 1,Land-Based Wind - Class 4 - Technology 1,Moderate,CAPEX,2044,$/kW,1241.1629742321782
2025,LandbasedWind,Land-Based Wind,Class4,Wind Turbine Technology 1,Land-Based Wind - Class 4 - Technology 1,Moderate,CF,2045,,0.481107
2025,LandbasedWind,Land-Based Wind,Class4,Wind Turbine Technology 1,Land-Based Wind - Class 4 - Technology 1,Moderate,Fixed O&M,2045,$/kW-yr,26.9941933333333
2025,LandbasedWind,Land-Based Wind,Class4,Wind Turbine Technology 1,Land-Based Wind - Class 4 - Technology 1,Moderate,CAPEX,2045,$/kW,1224.6201078536992
2025,LandbasedWind,Land-Based Wind,Class4,Wind Turbine Technology 1,Land-Based Wind - Class 4 - Technology 1,Moderate,CF,2046,,0.4815096
2025,LandbasedWind,Land-Based Wind,Class4,Wind Turbine Technology 1,Land-Based Wind - Class 4 - Technology 1,Moderate,Fixed O&M,2046,$/kW-yr,26.7511546666666
2025,LandbasedWind,Land-Based Wind,Class4,Wind Turbine Technology 1,Land-Based Wind - Class 4 - Technology 1,Moderate,CAPEX,2046,$/kW,1208.0772414752312
2025,LandbasedWind,Land-Based Wind,Class4,Wind Turbine Technology 1,Land-Based Wind - Class 4 - Technology 1,Moderate,CF,2047,,0.4819122
2025,LandbasedWind,Land-Based Wind,Class4,Wind Turbine Technology 1,Land-Based Wind - Class 4 - Technology 1,Moderate,Fixed O&M,2047,$/kW-yr,26.508116
2025,LandbasedWind,Land-Based Wind,Class4,Wind Turbine Technology 1,Land-Based Wind - Class 4 - Technology 1,Moderate,CAPEX,2047,$/kW,1191.5343750967522
2025,LandbasedWind,Land-Based Wind,Class4,Wind Turbine Technology 1,Land-Based Wind - Class 4 - Technology 1,Moderate,CF,2048,,0.4823148
2025,LandbasedWind,Land-Based Wind,Class4,Wind Turbine Technology 1,Land-Based Wind - Class 4 - Technology 1,Moderate,Fixed O&M,2048,$/kW-yr,26.2650773333333
2025,LandbasedWind,Land-Based Wind,Class4,Wind Turbine Technology 1,Land-Based Wind - Class 4 - Technology 1,Moderate,CAPEX,2048,$/kW,1174.9915087182733
2025,LandbasedWind,Land-Based Wind,Class4,Wind Turbine Technology 1,Land-Based Wind - Class 4 - Technology 1,Moderate,CF,2049,,0.4827174
2025,LandbasedWind,Land-Based Wind,Class4,Wind Turbine Technology 1,Land-Based Wind - Class 4 - Technology 1,Moderate,Fixed O&M,2049,$/kW-yr,26.0220386666666
2025,LandbasedWind,Land-Based Wind,Class4,Wind Turbine Technology 1,Land-Based Wind - Class 4 - Technology 1,Moderate,CAPEX,2049,$/kW,1158.4486423398005
2025,LandbasedWind,Land-Based Wind,Class4,Wind Turbine Technology 1,Land-Based Wind - Class 4 - Technology 1,Moderate,CF,2050,,0.48312
2025,LandbasedWind,Land-Based Wind,Class4,Wind Turbine Technology 1,Land-Based Wind - Class 4 - Technology 1,Moderate,Fixed O&M,2050,$/kW-yr,25.779
2025,LandbasedWind,Land-Based Wind,Class4,Wind Turbine Technology 1,Land-Based Wind - Class 4 - Technology 1,Moderate,CAPEX,2050,$/kW,1141.9057759613238
2025,LandbasedWind,Land-Based Wind,Class4,Wind Turbine Technology 1,Land-Based Wind - Class 4 - Technology 1,Moderate,CF,2051,,0.48312
2025,LandbasedWind,Land-Based Wind,Class4,Wind Turbine Technology 1,Land-Based Wind - Class 4 - Technology 1,Moderate,Fixed O&M,2051,$/kW-yr,25.6945314201858
2025,LandbasedWind,Land-Based Wind,Class4,Wind Turbine Technology 1,Land-Based Wind - Class 4 - Technology 1,Moderate,CAPEX,2051,$/kW,1138.1641583975304
2025,LandbasedWind,Land-Based Wind,Class4,Wind Turbine Technology 1,Land-Based Wind - Class 4 - Technology 1,Moderate,CF,2052,,0.48312
2025,LandbasedWind,Land-Based Wind,Class4,Wind Turbine Technology 1,Land-Based Wind - Class 4 - Technology 1,Moderate,Fixed O&M,2052,$/kW-yr,25.6100628403717
2025,LandbasedWind,Land-Based Wind,Class4,Wind Turbine Technology 1,Land-Based Wind - Class 4 - Technology 1,Moderate,CAPEX,2052,$/kW,1134.422540833738
2025,LandbasedWind,Land-Based Wind,Class4,Wind Turbine Technology 1,Land-Based Wind - Class 4 - Technology 1,Moderate,CF,2053,,0.48312
2025,LandbasedWind,Land-Based Wind,Class4,Wind Turbine Technology 1,Land-Based Wind - Class 4 - Technology 1,Moderate,Fixed O&M,2053,$/kW-yr,25.5255942605575
2025,LandbasedWind,Land-Based Wind,Class4,Wind Turbine Technology 1,Land-Based Wind - Class 4 - Technology 1,Moderate,CAPEX,2053,$/kW,1130.6809232699443
2025,LandbasedWind,Land-Based Wind,Class4,Wind Turbine Technology 1,Land-Based Wind - Class 4 - Technology 1,Moderate,CF,2054,,0.48312
2025,LandbasedWind,Land-Based Wind,Class4,Wind Turbine Technology 1,Land-Based Wind - Class 4 - Technology 1,Moderate,Fixed O&M,2054,$/kW-yr,25.4411256807434
2025,LandbasedWind,Land-Based Wind,Class4,Wind Turbine Technology 1,Land-Based Wind - Class 4 - Technology 1,Moderate,CAPEX,2054,$/kW,1126.9393057061511
2025,LandbasedWind,Land-Based Wind,Class4,Wind Turbine Technology 1,Land-Based Wind - Class 4 - Technology 1,Moderate,CF,2055,,0.48312
2025,LandbasedWind,Land-Based Wind,Class4,Wind Turbine Technology 1,Land-Based Wind - Class 4 - Technology 1,Moderate,Fixed O&M,2055,$/kW-yr,25.3566571009292
2025,LandbasedWind,Land-Based Wind,Class4,Wind Turbine Technology 1,Land-Based Wind - Class 4 - Technology 1,Moderate,CAPEX,2055,$/kW,1123.1976881423575
2025,LandbasedWind,Land-Based Wind,Class4,Wind Turbine Technology 1,Land-Based Wind - Class 4 - Technology 1,Moderate,CF,2056,,0.48312
2025,LandbasedWind,Land-Based Wind,Class4,Wind Turbine Technology 1,Land-Based Wind - Class 4 - Technology 1,Moderate,Fixed O&M,2056,$/kW-yr,25.2721885211151
2025,LandbasedWind,Land-Based Wind,Class4,Wind Turbine Technology 1,Land-Based Wind - Class 4 - Technology 1,Moderate,CAPEX,2056,$/kW,1119.4560705785643
2025,LandbasedWind,Land-Based Wind,Class4,Wind Turbine Technology 1,Land-Based Wind - Class 4 - Technology 1,Moderate,CF,2057,,0.48312
2025,LandbasedWind,Land-Based Wind,Class4,Wind Turbine Technology 1,Land-Based Wind - Class 4 - Technology 1,Moderate,Fixed O&M,2057,$/kW-yr,25.1877199413009
2025,LandbasedWind,Land-Based Wind,Class4,Wind Turbine Technology 1,Land-Based Wind - Class 4 - Technology 1,Moderate,CAPEX,2057,$/kW,1115.714453014772
2025,LandbasedWind,Land-Based Wind,Class4,Wind Turbine Technology 1,Land-Based Wind - Class 4 - Technology 1,Moderate,CF,2058,,0.48312
2025,LandbasedWind,Land-Based Wind,Class4,Wind Turbine Technology 1,Land-Based Wind - Class 4 - Technology 1,Moderate,Fixed O&M,2058,$/kW-yr,25.1032513614868
2025,LandbasedWind,Land-Based Wind,Class4,Wind Turbine Technology 1,Land-Based Wind - Class 4 - Technology 1,Moderate,CAPEX,2058,$/kW,1111.9728354509784
2025,LandbasedWind,Land-Based Wind,Class4,Wind Turbine Technology 1,Land-Based Wind - Class 4 - Technology 1,Moderate,CF,2059,,0.48312
2025,LandbasedWind,Land-Based Wind,Class4,Wind Turbine Technology 1,Land-Based Wind - Class 4 - Technology 1,Moderate,Fixed O&M,2059,$/kW-yr,25.0187827816726
2025,LandbasedWind,Land-Based Wind,Class4,Wind Turbine Technology 1,Land-Based Wind - Class 4 - Technology 1,Moderate,CAPEX,2059,$/kW,1108.231217887185
2025,LandbasedWind,Land-Based Wind,Class4,Wind Turbine Technology 1,Land-Based Wind - Class 4 - Technology 1,Moderate,CF,2060,,0.48312
2025,LandbasedWind,Land-Based Wind,Class4,Wind Turbine Technology 1,Land-Based Wind - Class 4 - Technology 1,Moderate,Fixed O&M,2060,$/kW-yr,24.9343142018585
2025,LandbasedWind,Land-Based Wind,Class4,Wind Turbine Technology 1,Land-Based Wind - Class 4 - Technology 1,Moderate,CAPEX,2060,$/kW,1104.4896003233916
2025,UtilityPV,Utility PV,Class5,Tracking PV,Utility PV - Class 5,Moderate,CF,2023,,0.260295454805666
2025,UtilityPV,Utility PV,Class5,Tracking PV,Utility PV - Class 5,Moderate,Fixed O&M,2023,$/kW-yr,23.133428594282368
2025,UtilityPV,Utility PV,Class5,Tracking PV,Utility PV - Class 5,Moderate,CAPEX,2023,$/kW,1672.881776339854
2025,UtilityPV,Utility PV,Class5,Tracking PV,Utility PV - Class 5,Moderate,CF,2024,,0.2619205214786105
2025,UtilityPV,Utility PV,Class5,Tracking PV,Utility PV - Class 5,Moderate,Fixed O&M,2024,$/kW-yr,24.65967297429779
2025,UtilityPV,Utility PV,Class5,Tracking PV,Utility PV - Class 5,Moderate,CAPEX,2024,$/kW,1525.745935262591
2025,UtilityPV,Utility PV,Class5,Tracking PV,Utility PV - Class 5,Moderate,CF,2025,,0.263545588151555
2025,UtilityPV,Utility PV,Class5,Tracking PV,Utility PV - Class 5,Moderate,Fixed O&M,2025,$/kW-yr,23.91164491305845
2025,UtilityPV,Utility PV,Class5,Tracking PV,Utility PV - Class 5,Moderate,CAPEX,2025,$/kW,1465.4923031520602
2025,UtilityPV,Utility PV,Class5,Tracking PV,Utility PV - Class 5,Moderate,CF,2026,,0.2651706548244995
2025,UtilityPV,Utility PV,Class5,Tracking PV,Utility PV - Class 5,Moderate,Fixed O&M,2026,$/kW-yr,23.18091587030739
2025,UtilityPV,Utility PV,Class5,Tracking PV,Utility PV - Class 5,Moderate,CAPEX,2026,$/kW,1405.2386710415296
2025,UtilityPV,Utility PV,Class5,Tracking PV,Utility PV - Class 5,Moderate,CF,2027,,0.2667957214974439
2025,UtilityPV,Utility PV,Class5,Tracking PV,Utility PV - Class 5,Moderate,Fixed O&M,2027,$/kW-yr,22.46611352167293
2025,UtilityPV,Utility PV,Class5,Tracking PV,Utility PV - Class 5,Moderate,CAPEX,2027,$/kW,1344.9850389309988
2025,UtilityPV,Utility PV,Class5,Tracking PV,Utility PV - Class 5,Moderate,CF,2028,,0.2684207881703884
2025,UtilityPV,Utility PV,Class5,Tracking PV,Utility PV - Class 5,Moderate,Fixed O&M,2028,$/kW-yr,21.76600695792181
2025,UtilityPV,Utility PV,Class5,Tracking PV,Utility PV - Class 5,Moderate,CAPEX,2028,$/kW,1284.731406820468
2025,UtilityPV,Utility PV,Class5,Tracking PV,Utility PV - Class 5,Moderate,CF,2029,,0.2700458548433329
2025,UtilityPV,Utility PV,Class5,Tracking PV,Utility PV - Class 5,Moderate,Fixed O&M,2029,$/kW-yr,21.079488926779486
2025,UtilityPV,Utility PV,Class5,Tracking PV,Utility PV - Class 5,Moderate,CAPEX,2029,$/kW,1224.477774709937
2025,UtilityPV,Utility PV,Class5,Tracking PV,Utility PV - Class 5,Moderate,CF,2030,,0.2716709215162774
2025,UtilityPV,Utility PV,Class5,Tracking PV,Utility PV - Class 5,Moderate,Fixed O&M,2030,$/kW-yr,20.405560685166016
2025,UtilityPV,Utility PV,Class5,Tracking PV,Utility PV - Class 5,Moderate,CAPEX,2030,$/kW,1164.224142599406
2025,UtilityPV,Utility PV,Class5,Tracking PV,Utility PV - Class 5,Moderate,CF,2031,,0.2732959881892219
2025,UtilityPV,Utility PV,Class5,Tracking PV,Utility PV - Class 5,Moderate,Fixed O&M,2031,$/kW-yr,20.11495888146995
2025,UtilityPV,Utility PV,Class5,Tracking PV,Utility PV - Class 5,Moderate,CAPEX,2031,$/kW,1131.747947470749
2025,UtilityPV,Utility PV,Class5,Tracking PV,Utility PV - Class 5,Moderate,CF,2032,,0.2749210548621664
2025,UtilityPV,Utility PV,Class5,Tracking PV,Utility PV - Class 5,Moderate,Fixed O&M,2032,$/kW-yr,19.825069831017395
2025,UtilityPV,Utility PV,Class5,Tracking PV,Utility PV - Class 5,Moderate,CAPEX,2032,$/kW,1099.2717523420922
2025,UtilityPV,Utility PV,Class5,Tracking PV,Utility PV - Class 5,Moderate,CF,2033,,0.2765461215351109
2025,UtilityPV,Utility PV,Class5,Tracking PV,Utility PV - Class 5,Moderate,Fixed O&M,2033,$/kW-yr,19.535880709032096
2025,UtilityPV,Utility PV,Class5,Tracking PV,Utility PV - Class 5,Moderate,CAPEX,2033,$/kW,1066.7955572134356
2025,UtilityPV,Utility PV,Class5,Tracking PV,Utility PV - Class 5,Moderate,CF,2034,,0.2781711882080553
2025,UtilityPV,Utility PV,Class5,Tracking PV,Utility PV - Class 5,Moderate,Fixed O&M,2034,$/kW-yr,19.247378996583297
2025,UtilityPV,Utility PV,Class5,Tracking PV,Utility PV - Class 5,Moderate,CAPEX,2034,$/kW,1034.3193620847785
2025,UtilityPV,Utility PV,Class5,Tracking PV,Utility PV - Class 5,Moderate,CF,2035,,0.2797962548809997
2025,UtilityPV,Utility PV,Class5,Tracking PV,Utility PV - Class 5,Moderate,Fixed O&M,2035,$/kW-yr,18.959552471522535
2025,UtilityPV,Utility PV,Class5,Tracking PV,Utility PV - Class 5,Moderate,CAPEX,2035,$/kW,1001.8431669561218
2025,UtilityPV,Utility PV,Class5,Tracking PV,Utility PV - Class 5,Moderate,CF,2036,,0.2809157987622761
2025,UtilityPV,Utility PV,Class5,Tracking PV,Utility PV - Class 5,Moderate,Fixed O&M,2036,$/kW-yr,18.67238919974079
2025,UtilityPV,Utility PV,Class5,Tracking PV,Utility PV - Class 5,Moderate,CAPEX,2036,$/kW,969.3669718274648
2025,UtilityPV,Utility PV,Class5,Tracking PV,Utility PV - Class 5,Moderate,CF,2037,,0.2820353426435525
2025,UtilityPV,Utility PV,Class5,Tracking PV,Utility PV - Class 5,Moderate,Fixed O&M,2037,$/kW-yr,18.385877526732912
2025,UtilityPV,Utility PV,Class5,Tracking PV,Utility PV - Class 5,Moderate,CAPEX,2037,$/kW,936.890776698808
2025,UtilityPV,Utility PV,Class5,Tracking PV,Utility PV - Class 5,Moderate,CF,2038,,0.2831548865248289
2025,UtilityPV,Utility PV,Class5,Tracking PV,Utility PV - Class 5,Moderate,Fixed O&M,2038,$/kW-yr,18.100006069456768
2025,UtilityPV,Utility PV,Class5,Tracking PV,Utility PV - Class 5,Moderate,CAPEX,2038,$/kW,904.4145815701512
2025,UtilityPV,Utility PV,Class5,Tracking PV,Utility PV - Class 5,Moderate,CF,2039,,0.2842744304061053
2025,UtilityPV,Utility PV,Class5,Tracking PV,Utility PV - Class 5,Moderate,Fixed O&M,2039,$/kW-yr,17.814763708475148
2025,UtilityPV,Utility PV,Class5,Tracking PV,Utility PV - Class 5,Moderate,CAPEX,2039,$/kW,871.9383864414945
2025,UtilityPV,Utility PV,Class5,Tracking PV,Utility PV - Class 5,Moderate,CF,2040,,0.2853939742873816
2025,UtilityPV,Utility PV,Class5,Tracking PV,Utility PV - Class 5,Moderate,Fixed O&M,2040,$/kW-yr,17.530139580369116
2025,UtilityPV,Utility PV,Class5,Tracking PV,Utility PV - Class 5,Moderate,CAPEX,2040,$/kW,839.4621913128373
2025,UtilityPV,Utility PV,Class5,Tracking PV,Utility PV - Class 5,Moderate,CF,2041,,0.286513518168658
2025,UtilityPV,Utility PV,Class5,Tracking PV,Utility PV - Class 5,Moderate,Fixed O&M,2041,$/kW-yr,17.39189489487819
2025,UtilityPV,Utility PV,Class5,Tracking PV,Utility PV - Class 5,Moderate,CAPEX,2041,$/kW,827.8042173804843
2025,UtilityPV,Utility PV,Class5,Tracking PV,Utility PV - Class 5,Moderate,CF,2042,,0.2876330620499344
2025,UtilityPV,Utility PV,Class5,Tracking PV,Utility PV - Class 5,Moderate,Fixed O&M,2042,$/kW-yr,17.254309162154485
2025,UtilityPV,Utility PV,Class5,Tracking PV,Utility PV - Class 5,Moderate,CAPEX,2042,$/kW,816.1462434481315
2025,UtilityPV,Utility PV,Class5,Tracking PV,Utility PV - Class 5,Moderate,CF,2043,,0.2887526059312108
2025,UtilityPV,Utility PV,Class5,Tracking PV,Utility PV - Class 5,Moderate,Fixed O&M,2043,$/kW-yr,17.117370637735107
2025,UtilityPV,Utility PV,Class5,Tracking PV,Utility PV - Class 5,Moderate,CAPEX,2043,$/kW,804.4882695157786
2025,UtilityPV,Utility PV,Class5,Tracking PV,Utility PV - Class 5,Moderate,CF,2044,,0.2898721498124872
2025,UtilityPV,Utility PV,Class5,Tracking PV,Utility PV - Class 5,Moderate,Fixed O&M,2044,$/kW-yr,16.981067854603044
2025,UtilityPV,Utility PV,Class5,Tracking PV,Utility PV - Class 5,Moderate,CAPEX,2044,$/kW,792.8302955834258
2025,UtilityPV,Utility PV,Class5,Tracking PV,Utility PV - Class 5,Moderate,CF,2045,,0.2909916936937636
2025,UtilityPV,Utility PV,Class5,Tracking PV,Utility PV - Class 5,Moderate,Fixed O&M,2045,$/kW-yr,16.845389615042443
2025,UtilityPV,Utility PV,Class5,Tracking PV,Utility PV - Class 5,Moderate,CAPEX,2045,$/kW,781.1723216510732
2025,UtilityPV,Utility PV,Class5,Tracking PV,Utility PV - Class 5,Moderate,CF,2046,,0.29211123757504
2025,UtilityPV,Utility PV,Class5,Tracking PV,Utility PV - Class 5,Moderate,Fixed O&M,2046,$/kW-yr,16.710324982779124
2025,UtilityPV,Utility PV,Class5,Tracking PV,Utility PV - Class 5,Moderate,CAPEX,2046,$/kW,769.5143477187204
2025,UtilityPV,Utility PV,Class5,Tracking PV,Utility PV - Class 5,Moderate,CF,2047,,0.2932307814563163
2025,UtilityPV,Utility PV,Class5,Tracking PV,Utility PV - Class 5,Moderate,Fixed O&M,2047,$/kW-yr,16.575863275394777
2025,UtilityPV,Utility PV,Class5,Tracking PV,Utility PV - Class 5,Moderate,CAPEX,2047,$/kW,757.8563737863677
2025,UtilityPV,Utility PV,Class5,Tracking PV,Utility PV - Class 5,Moderate,CF,2048,,0.2943503253375927
2025,UtilityPV,Utility PV,Class5,Tracking PV,Utility PV - Class 5,Moderate,Fixed O&M,2048,$/kW-yr,16.441994057003715
2025,UtilityPV,Utility PV,Class5,Tracking PV,Utility PV - Class 5,Moderate,CAPEX,2048,$/kW,746.198399854015
2025,UtilityPV,Utility PV,Class5,Tracking PV,Utility PV - Class 5,Moderate,CF,2049,,0.2954698692188691
2025,UtilityPV,Utility PV,Class5,Tracking PV,Utility PV - Class 5,Moderate,Fixed O&M,2049,$/kW-yr,16.308707131181745
2025,UtilityPV,Utility PV,Class5,Tracking PV,Utility PV - Class 5,Moderate,CAPEX,2049,$/kW,734.5404259216621
2025,UtilityPV,Utility PV,Class5,Tracking PV,Utility PV - Class 5,Moderate,CF,2050,,0.2965894131001456
2025,UtilityPV,Utility PV,Class5,Tracking PV,Utility PV - Class 5,Moderate,Fixed O&M,2050,$/kW-yr,16.175992534136977
2025,UtilityPV,Utility PV,Class5,Tracking PV,Utility PV - Class 5,Moderate,CAPEX,2050,$/kW,722.8824519893088
2025,UtilityPV,Utility PV,Class5,Tracking PV,Utility PV - Class 5,Moderate,CF,2051,,0.2965894131001456
2025,UtilityPV,Utility PV,Class5,Tracking PV,Utility PV - Class 5,Moderate,Fixed O&M,2051,$/kW-yr,16.126956374836915
2025,UtilityPV,Utility PV,Class5,Tracking PV,Utility PV - Class 5,Moderate,CAPEX,2051,$/kW,722.8824519893088
2025,UtilityPV,Utility PV,Class5,Tracking PV,Utility PV - Class 5,Moderate,CF,2052,,0.2965894131001456
2025,UtilityPV,Utility PV,Class5,Tracking PV,Utility PV - Class 5,Moderate,Fixed O&M,2052,$/kW-yr,16.07847328846329
2025,UtilityPV,Utility PV,Class5,Tracking PV,Utility PV - Class 5,Moderate,CAPEX,2052,$/kW,722.8824519893088
2025,UtilityPV,Utility PV,Class5,Tracking PV,Utility PV - Class 5,Moderate,CF,2053,,0.2965894131001456
2025,UtilityPV,Utility PV,Class5,Tracking PV,Utility PV - Class 5,Moderate,Fixed O&M,2053,$/kW-yr,16.030533970424532
2025,UtilityPV,Utility PV,Class5,Tracking PV,Utility PV - Class 5,Moderate,CAPEX,2053,$/kW,722.8824519893088
2025,UtilityPV,Utility PV,Class5,Tracking PV,Utility PV - Class 5,Moderate,CF,2054,,0.2965894131001456
2025,UtilityPV,Utility PV,Class5,Tracking PV,Utility PV - Class 5,Moderate,Fixed O&M,2054,$/kW-yr,15.983129323678886
2025,UtilityPV,Utility PV,Class5,Tracking PV,Utility PV - Class 5,Moderate,CAPEX,2054,$/kW,722.8824519893088
2025,UtilityPV,Utility PV,Class5,Tracking PV,Utility PV - Class 5,Moderate,CF,2055,,0.2965894131001456
2025,UtilityPV,Utility PV,Class5,Tracking PV,Utility PV - Class 5,Moderate,Fixed O&M,2055,$/kW-yr,15.936250452979436
2025,UtilityPV,Utility PV,Class5,Tracking PV,Utility PV - Class 5,Moderate,CAPEX,2055,$/kW,722.8824519893088
2025,UtilityPV,Utility PV,Class5,Tracking PV,Utility PV - Class 5,Moderate,CF,2056,,0.2965894131001456
2025,UtilityPV,Utility PV,Class5,Tracking PV,Utility PV - Class 5,Moderate,Fixed O&M,2056,$/kW-yr,15.88988865930958
2025,UtilityPV,Utility PV,Class5,Tracking PV,Utility PV - Class 5,Moderate,CAPEX,2056,$/kW,722.8824519893088
2025,UtilityPV,Utility PV,Class5,Tracking PV,Utility PV - Class 5,Moderate,CF,2057,,0.2965894131001456
2025,UtilityPV,Utility PV,Class5,Tracking PV,Utility PV - Class 5,Moderate,Fixed O&M,2057,$/kW-yr,15.84403543450164
2025,UtilityPV,Utility PV,Class5,Tracking PV,Utility PV - Class 5,Moderate,CAPEX,2057,$/kW,722.8824519893088
2025,UtilityPV,Utility PV,Class5,Tracking PV,Utility PV - Class 5,Moderate,CF,2058,,0.2965894131001456
2025,UtilityPV,Utility PV,Class5,Tracking PV,Utility PV - Class 5,Moderate,Fixed O&M,2058,$/kW-yr,15.798682456031566
2025,UtilityPV,Utility PV,Class5,Tracking PV,Utility PV - Class 5,Moderate,CAPEX,2058,$/kW,722.8824519893088
2025,UtilityPV,Utility PV,Class5,Tracking PV,Utility PV - Class 5,Moderate,CF,2059,,0.2965894131001456
2025,UtilityPV,Utility PV,Class5,Tracking PV,Utility PV - Class 5,Moderate,Fixed O&M,2059,$/kW-yr,15.753821581983113
2025,UtilityPV,Utility PV,Class5,Tracking PV,Utility PV - Class 5,Moderate,CAPEX,2059,$/kW,722.8824519893088
2025,UtilityPV,Utility PV,Class5,Tracking PV,Utility PV - Class 5,Moderate,CF,2060,,0.2965894131001456
2025,UtilityPV,Utility PV,Class5,Tracking PV,Utility PV - Class 5,Moderate,Fixed O&M,2060,$/kW-yr,15.709444846175044
2025,UtilityPV,Utility PV,Class5,Tracking PV,Utility PV - Class 5,Moderate,CAPEX,2060,$/kW,722.8824519893088
