Year,Month,State,Data_Status,Total_Revenue_Thousand_Dollars,Total_Sales_Megawatthours,Total_Customers_Count,Total_Price_Cents_per_kWh
2026,6,KS,Preliminary,492632,3954433.8,1633608,12.46
2026,5,KS,Preliminary,391355.78,3408626.4,1635832,11.48
2026,4,KS,Preliminary,354451.73,3038359.7,1631006,11.67
2026,3,KS,Preliminary,369359.01,3173574.1,1631983,11.64
2026,2,KS,Preliminary,364248.8,3060997.6,1628348,11.9
2026,1,KS,Preliminary,431271.29,3696802.4,1627685,11.67
2025,12,KS,Preliminary,375261.66,3346561.6,1624867,11.21
2025,11,KS,Preliminary,344828.17,3002204.5,1623269,11.49
2025,10,KS,Preliminary,376880.31,3247415.9,1622935,11.61
2025,9,KS,Preliminary,432510.65,3602506.1,1623367,12.01
2025,8,KS,Preliminary,513379.48,4251363.2,1624014,12.08
2025,7,KS,Preliminary,532425.39,4473766.1,1621158,11.9
2025,6,KS,Preliminary,478711.71,3933460.8,1618828,12.17
2025,5,KS,Preliminary,351831.79,3155401.4,1617497,11.15
2025,4,KS,Preliminary,329186.85,2953870.7,1614182,11.14
2025,3,KS,Preliminary,338516.66,3057846.9,1612238,11.07
2025,2,KS,Preliminary,363019.71,3323482.2,1610982,10.92
2025,1,KS,Preliminary,398211.69,3622666.9,1610879,10.99
2024,12,KS,Final,356691.4,3279051.4,1592666,10.88
2024,11,KS,Final,327628.54,2972040.5,1591174,11.02
2024,10,KS,Final,345072.69,3147148.1,1591047,10.96
2024,9,KS,Final,414066.6,3546108.6,1591448,11.68
2024,8,KS,Final,508777.16,4299652.6,1592163,11.83
2024,7,KS,Final,516993.88,4231848,1591539,12.22
2024,6,KS,Final,472762.06,4036752.6,1586046,11.71
2024,5,KS,Final,348247.34,3299552.4,1584514,10.55
2024,4,KS,Final,308772.56,2874689.5,1582585,10.74
2024,3,KS,Final,317548.4,2962143.6,1578399,10.72
2024,2,KS,Final,323381.31,2998821.9,1577799,10.78
2024,1,KS,Final,384537.62,3610400.9,1575165,10.65
2023,12,KS,Final,318023.52,3128849.8,1583636,10.16
2023,11,KS,Final,310557.6,3052902.7,1581538,10.17
2023,10,KS,Final,324252.4,3101536.4,1579738,10.45
2023,9,KS,Final,406009.02,3784199.1,1580995,10.73
2023,8,KS,Final,483859.8,4372416.1,1580914,11.07
2023,7,KS,Final,473502.52,4234499.9,1582080,11.18
2023,6,KS,Final,406872.55,3729071,1575835,10.91
2023,5,KS,Final,345143.77,3234551.2,1574744,10.67
2023,4,KS,Final,302773.18,2876495.2,1571642,10.53
2023,3,KS,Final,335940.14,3038736.9,1571025,11.06
2023,2,KS,Final,335640.84,2903433.8,1566786,11.56
2023,1,KS,Final,392005.62,3595316,1568109,10.9
2022,12,KS,Final,376169.27,3377260.7,1571592,11.14
2022,11,KS,Final,354298.44,3061800.1,1571263,11.57
2022,10,KS,Final,371736.63,3126902.5,1570962,11.89
2022,9,KS,Final,455447.34,3765320.2,1570141,12.1
2022,8,KS,Final,548262.61,4389492.6,1569458,12.49
2022,7,KS,Final,542744.25,4373491.3,1574061,12.41
2022,6,KS,Final,462368.44,3871983.1,1566889,11.94
2022,5,KS,Final,369422.29,3328219.4,1567130,11.1
2022,4,KS,Final,317066.92,2927103.8,1565206,10.83
2022,3,KS,Final,329956.81,3117580.5,1562931,10.58
2022,2,KS,Final,328903.96,3190988.3,1556397,10.31
2022,1,KS,Final,355287.85,3430922.6,1559019,10.36
2021,12,KS,Final,316045.27,3101290,1564669,10.19
2021,11,KS,Final,309551.43,2987714.8,1565624,10.36
2021,10,KS,Final,326814.78,3188173.9,1562978,10.25
2021,9,KS,Final,402534.11,3822394.6,1564371,10.53
2021,8,KS,Final,467197.68,4286055.5,1564471,10.9
2021,7,KS,Final,441486.52,4067276.6,1562451,10.85
2021,6,KS,Final,403911.23,3715825.1,1560520,10.87
2021,5,KS,Final,318235.73,3018380,1559615,10.54
2021,4,KS,Final,284595.55,2720342.2,1554849,10.46
2021,3,KS,Final,303370.84,2939579.8,1555391,10.32
2021,2,KS,Final,347818.4,3367023.4,1536106,10.33
2021,1,KS,Final,319841.86,3277730.2,1549079,9.76
2020,12,KS,Final,322965.2,3257378.5,1547344,9.91
2020,11,KS,Final,292833.91,2874389.3,1548486,10.19
2020,10,KS,Final,321723.23,3104193.7,1545967,10.36
2020,9,KS,Final,345601.26,3447734.8,1546597,10.02
2020,8,KS,Final,435985.16,4079527.8,1552743,10.69
2020,7,KS,Final,453533.15,4229568.3,1547806,10.72
2020,6,KS,Final,400613.49,3684244.8,1542837,10.87
2020,5,KS,Final,303477.48,2764637,1544619,10.98
2020,4,KS,Final,279281.89,2692592.3,1535229,10.37
2020,3,KS,Final,300472.79,2927189.4,1538330,10.26
2020,2,KS,Final,315777.88,3113163.2,1532600,10.14
2020,1,KS,Final,325407.67,3309326.9,1532478,9.83
2019,12,KS,Final,315415.52,3222034,1538309,9.79
2019,11,KS,Final,306277.47,3023729.1,1538326,10.13
2019,10,KS,Final,335012.95,3208021.1,1535435,10.44
2019,9,KS,Final,408933,3901844,1536489,10.48
2019,8,KS,Final,446289.13,4204578.5,1539958,10.61
2019,7,KS,Final,440626.13,4161331.1,1539160,10.59
2019,6,KS,Final,388261.11,3576036.5,1536962,10.86
2019,5,KS,Final,327053.28,3136869.4,1535019,10.43
2019,4,KS,Final,292144.03,2876000.9,1529528,10.16
2019,3,KS,Final,323946.33,3142612.4,1529866,10.31
2019,2,KS,Final,339369.92,3280856.9,1527845,10.34
2019,1,KS,Final,300395.13,3425714.1,1526155,8.77
2018,12,KS,Final,326511.92,3254479.6,1526944,10.03
2018,11,KS,Final,321705.44,3125511.2,1528149,10.29
2018,10,KS,Final,341158.37,3223022.3,1524558,10.59
2018,9,KS,Final,386744.17,3632561.7,1527195,10.65
2018,8,KS,Final,476439.97,4250948,1528285,11.21
2018,7,KS,Final,491333.72,4349073.6,1532947,11.3
2018,6,KS,Final,445659.96,3958736.3,1526667,11.26
2018,5,KS,Final,383074.05,3512486.7,1527492,10.91
2018,4,KS,Final,312481.34,2974611.4,1519641,10.5
2018,3,KS,Final,320174.89,3061031.8,1517585,10.46
2018,2,KS,Final,329095.45,3111912.2,1515921,10.58
2018,1,KS,Final,370767.85,3589628.3,1516459,10.33
2017,12,KS,Final,331167.75,3300165.3,1519561,10.03
2017,11,KS,Final,308068.32,2978906.5,1520619,10.34
2017,10,KS,Final,333157.33,3166574.2,1515975,10.52
2017,9,KS,Final,394413.16,3610918.2,1517811,10.92
2017,8,KS,Final,440665.58,3984271.3,1517746,11.06
2017,7,KS,Final,485953.49,4345999.6,1524733,11.18
2017,6,KS,Final,404891.42,3673657.1,1517820,11.02
2017,5,KS,Final,335956.24,3143528.8,1517081,10.69
2017,4,KS,Final,302929.75,2895330.5,1514036,10.46
2017,3,KS,Final,308043.08,2970278.6,1507166,10.37
2017,2,KS,Final,286404.2,2827557.8,1507277,10.13
2017,1,KS,Final,338457.28,3390599.1,1507573,9.98
2016,12,KS,Final,333950.77,3342702.5,1513355,9.99
2016,11,KS,Final,297893.33,2956025.4,1511474,10.08
2016,10,KS,Final,323782.47,3105594.3,1509795,10.43
2016,9,KS,Final,387958.42,3683171.8,1511499,10.53
2016,8,KS,Final,461927.91,4251261.1,1513392,10.87
2016,7,KS,Final,469466.85,4287717.6,1517987,10.95
2016,6,KS,Final,436330.24,3959786.4,1510801,11.02
2016,5,KS,Final,323804.46,3064359,1510523,10.57
2016,4,KS,Final,288354.13,2800795.1,1505507,10.3
2016,3,KS,Final,296242.66,2847082,1504875,10.41
2016,2,KS,Final,315012.47,3062160.3,1503598,10.29
2016,1,KS,Final,347780.04,3449518.4,1501075,10.08
2015,12,KS,Final,310312.7,3102717.1,1487569,10
2015,11,KS,Final,285860.42,2857310.2,1486191,10
2015,10,KS,Final,293014.64,2972641.8,1484376,9.86
2015,9,KS,Final,373865.14,3686731.7,1486558,10.14
2015,8,KS,Final,419058.56,4031316.3,1488393,10.4
2015,7,KS,Final,433261.79,4099634.9,1494706,10.57
2015,6,KS,Final,394042.45,3729332.6,1485152,10.57
2015,5,KS,Final,302586.62,2973794,1485578,10.18
2015,4,KS,Final,276958.01,2737529.8,1480079,10.12
2015,3,KS,Final,302215.68,3031813.5,1479855,9.97
2015,2,KS,Final,315402.35,3187985,1477880,9.89
2015,1,KS,Final,335179.46,3438320.2,1476293,9.75
2014,12,KS,Final,313571.4,3272606.5,1489809,9.58
2014,11,KS,Final,302085.45,3017578.3,1488507,10.01
2014,10,KS,Final,305684.32,2991722.3,1483396,10.22
2014,9,KS,Final,368798.32,3560920.3,1486165,10.36
2014,8,KS,Final,443885.69,4085259.7,1487625,10.87
2014,7,KS,Final,431014.46,3975902.1,1492527,10.84
2014,6,KS,Final,382114.09,3647686.5,1479177,10.48
2014,5,KS,Final,323468.18,3176260.4,1479981,10.18
2014,4,KS,Final,281626.19,2805116.2,1475959,10.04
2014,3,KS,Final,313566.34,3165653.6,1471684,9.91
2014,2,KS,Final,312139.72,3262516.8,1473684,9.57
2014,1,KS,Final,342350.66,3600383.4,1471504,9.51
2013,12,KS,Final,317333.68,3399556.7,1477247,9.33
2013,11,KS,Final,278841.49,3002358.5,1477866,9.29
2013,10,KS,Final,290664.44,3082237.5,1472336,9.43
2013,9,KS,Final,359354.96,3617904.2,1476111,9.93
2013,8,KS,Final,403516.6,3945577,1479984,10.23
2013,7,KS,Final,411358.21,3998894.3,1480504,10.29
2013,6,KS,Final,363956.59,3577515.5,1475388,10.17
2013,5,KS,Final,296908.12,3043796.4,1474336,9.75
2013,4,KS,Final,270336.08,2820368.1,1470971,9.59
2013,3,KS,Final,292443.31,3093368.7,1468065,9.45
2013,2,KS,Final,281680.66,2948410.6,1467393,9.55
2013,1,KS,Final,305862.4,3317409.6,1466362,9.22
2012,12,KS,Final,290418,3191887,1468312,9.1
2012,11,KS,Final,261235,2922362,1469408,8.94
2012,10,KS,Final,273726,2978461,1462861,9.19
2012,9,KS,Final,324990,3400998,1466841,9.56
2012,8,KS,Final,401340,4079544,1469164,9.84
2012,7,KS,Final,454897,4557096,1474384,9.98
2012,6,KS,Final,382015,3848111,1468136,9.93
2012,5,KS,Final,307830,3316475,1468722,9.28
2012,4,KS,Final,256994,2874606,1462593,8.94
2012,3,KS,Final,258950,2917175,1462119,8.88
2012,2,KS,Final,263950,2949618,1460082,8.95
2012,1,KS,Final,284896,3257143,1460343,8.75
2011,12,KS,Final,272053,3226938,1463570,8.43
2011,11,KS,Final,243570,2860857,1462217,8.51
2011,10,KS,Final,254241,2944832,1460663,8.63
2011,9,KS,Final,312585,3431318,1463179,9.11
2011,8,KS,Final,416098,4350523,1468347,9.56
2011,7,KS,Final,439077,4557839,1468502,9.63
2011,6,KS,Final,364666,3858223,1463145,9.45
2011,5,KS,Final,273717,3070642,1461763,8.91
2011,4,KS,Final,244460,2832377,1459364,8.63
2011,3,KS,Final,255389,3003544,1452811,8.5
2011,2,KS,Final,266657,3199673,1458891,8.33
2011,1,KS,Final,280167,3423634,1452383,8.18
2010,12,KS,Final,262502,3265639,1407902,8.04
2010,11,KS,Final,230513,2834543,1468442,8.13
2010,10,KS,Final,240611,2941602,1459770,8.18
2010,9,KS,Final,305836,3559715,1464414,8.59
2010,8,KS,Final,396237,4373301,1469084,9.06
2010,7,KS,Final,383739,4234490,1474926,9.06
2010,6,KS,Final,333069,3848859,1464530,8.65
2010,5,KS,Final,249420,3038553,1458067,8.21
2010,4,KS,Final,222265,2742572,1454466,8.1
2010,3,KS,Final,239397,2978921,1453812,8.04
2010,2,KS,Final,237686,2991842,1449704,7.94
2010,1,KS,Final,272626,3610636,1451783,7.55
